{"cameraMode":{"drawMode":0,"name":"Shaded","section":"Shading Mode"},"sceneLighting":false,"audioPlay":false,"sceneViewState":{"showFog":true,"showMaterialUpdate":false,"showSkybox":false,"showFlares":true,"showImageEffects":true,"showParticleSystems":true},"in2DMode":false,"pivot":{"x":-3.892199993133545,"y":-6.526263236999512,"z":8.724846839904786},"rotation":{"x":-0.29976120591163638,"y":-0.0463310070335865,"z":0.014575330540537835,"w":-0.9527894854545593},"size":21.461650848388673,"orthographic":false}