{"cameraMode":{"drawMode":0,"name":"Shaded","section":"Shading Mode"},"sceneLighting":false,"audioPlay":false,"sceneViewState":{"showFog":true,"showMaterialUpdate":false,"showSkybox":false,"showFlares":true,"showImageEffects":true,"showParticleSystems":true},"in2DMode":false,"pivot":{"x":5.1766204833984379,"y":-17.755382537841798,"z":-179.59457397460938},"rotation":{"x":0.3426867723464966,"y":0.013789747841656208,"z":-0.0050378586165606979,"w":0.9393520355224609},"size":23.39278793334961,"orthographic":false}