{"cameraMode":{"drawMode":0,"name":"Shaded","section":"Shading Mode"},"sceneLighting":true,"audioPlay":false,"sceneViewState":{"showFog":true,"showMaterialUpdate":false,"showSkybox":true,"showFlares":true,"showImageEffects":true,"showParticleSystems":true},"in2DMode":false,"pivot":{"x":1.537428855895996,"y":5.200379371643066,"z":-4.184500694274902},"rotation":{"x":-0.008680743165314198,"y":0.9648969173431397,"z":-0.032152269035577777,"w":-0.26050883531570437},"size":14.192208290100098,"orthographic":false}