{"cameraMode":{"drawMode":0,"name":"Shaded","section":"Shading Mode"},"sceneLighting":true,"audioPlay":false,"sceneViewState":{"showFog":true,"showMaterialUpdate":false,"showSkybox":true,"showFlares":true,"showImageEffects":true,"showParticleSystems":true},"in2DMode":false,"pivot":{"x":1.6373157501220704,"y":-5.890133380889893,"z":236.45571899414063},"rotation":{"x":-0.0010277852416038514,"y":0.7257456183433533,"z":0.0010929438285529614,"w":0.6879799365997315},"size":24.60888671875,"orthographic":false}