{"cameraMode":{"drawMode":0,"name":"Shaded","section":"Shading Mode"},"sceneLighting":true,"audioPlay":false,"sceneViewState":{"showFog":true,"showMaterialUpdate":false,"showSkybox":true,"showFlares":true,"showImageEffects":true,"showParticleSystems":true},"in2DMode":false,"pivot":{"x":18.824024200439454,"y":-49.955894470214847,"z":173.58938598632813},"rotation":{"x":0.2872824966907501,"y":0.0823478177189827,"z":-0.024796493351459504,"w":0.953991711139679},"size":242.24716186523438,"orthographic":false}