{"cameraMode":{"drawMode":0,"name":"Shaded","section":"Shading Mode"},"sceneLighting":true,"audioPlay":false,"sceneViewState":{"showFog":true,"showMaterialUpdate":false,"showSkybox":true,"showFlares":true,"showImageEffects":true,"showParticleSystems":true,"showVisualEffectGraphs":true,"m_FxEnabled":true},"in2DMode":false,"pivot":{"x":32.72385025024414,"y":38.551815032958987,"z":13.350287437438965},"rotation":{"x":0.20861446857452393,"y":0.5439875721931458,"z":-0.14180395007133485,"w":0.8002842664718628},"size":30.921903610229493,"orthographic":false}